region_name|name|address|suburb|postcode|link|email|phone|banner
Geelong and the Bellarine|At The Heads|Jetty Rd; Barwon Heads|Barwon Heads||attheheads.com.au||03 5254 1277|https://res.cloudinary.com/dkowfxwpp/image/upload/v1580643734/wwia/region%20banners/great_ocean_road_metp89.jpg
Geelong and the Bellarine|Basils Farm|43-53 Nye Road; Swan Bay|Swan Bay||basilsfarm.com.au|info@basilsfarm.com.au|03 5258 4280|https://res.cloudinary.com/dkowfxwpp/image/upload/v1580643705/wwia/region%20banners/barossa_valley_x0vejh.jpg
Geelong and the Bellarine|Charlie Noble|5/4 Wharf St East; Queenscliff|Queenscliff||charlienoble.com.au|cafe@charlienoble.com.au|03 5258 5161|https://res.cloudinary.com/dkowfxwpp/image/upload/v1580643712/wwia/region%20banners/gold_coast_pftzh1.jpg
Geelong and the Bellarine|Little Creatures Brewery|221 Swanston St; Geelong South|Geelong South||littlecreatures.com.au|creaturescanteen@littlecreatures.com.au|03 5202 4008|https://res.cloudinary.com/dkowfxwpp/image/upload/v1580643721/wwia/region%20banners/alice_springs_vv8hsx.jpg
Geelong and the Bellarine|Oakdene Vineyards|255 Grubb Rd; Wallington|Wallington||oakdene.com.au|info@oakdene.com.au|03 5255 1255|https://res.cloudinary.com/dkowfxwpp/image/upload/v1580643749/wwia/region%20banners/launceston_and_the_north_idbg7e.jpg
Geelong and the Bellarine|Terindah Estate|90 McAdams Ln; Bellarine|Bellarine||terindahestate.com.au||03 5251 5536|https://res.cloudinary.com/dkowfxwpp/image/upload/v1580643721/wwia/region%20banners/alice_springs_vv8hsx.jpg
Geelong and the Bellarine|Wye General Store|35 Great Ocean Rd; Wye River|Wye River||wyerivergeneralstore.com.au|info@thewyegeneral.com|03 5289 0247|https://res.cloudinary.com/dkowfxwpp/image/upload/v1580643741/wwia/region%20banners/hobart_and_the_south_kqlwgg.jpg
Geelong and the Bellarine|Nicol's Paddock|35 Waurn Ponds Dr; Waurn Ponds|Waurn Ponds||saintregis.com.au|info@nicolspaddock.com.au|0432 085 404|https://res.cloudinary.com/dkowfxwpp/image/upload/v1580643771/wwia/region%20banners/the_murray_ffm5r7.jpg
Ballarat|Blue Pyrenees Estate|Vinoca Rd; Avoca|Avoca||bluepyreneesestate.com.au|reception@bluepyrenees.com.au|03 5465 1111|https://res.cloudinary.com/dkowfxwpp/image/upload/v1580643706/wwia/region%20banners/darwin_dirruw.jpg
Ballarat|Grampians Estate|1477 Western Hwy; Great Western|Great Western||grampiansestate.com.au|info@grampiansestate.com.au|03 5354 6245|https://res.cloudinary.com/dkowfxwpp/image/upload/v1580643771/wwia/region%20banners/the_murray_ffm5r7.jpg
Ballarat|Harvest Halls Gap|2 Heath St; Halls Gap|Halls Gap||harvesthg.com.au||03 5356 4782|https://res.cloudinary.com/dkowfxwpp/image/upload/v1580643768/wwia/region%20banners/the_high_country_udwzpb.jpg
Ballarat|Hop Temple|24-28 Armstong St North; Ballarat|Ballarat||hoptemple.com.au|info@hoptemple.com.au|03 5317 7158|https://res.cloudinary.com/dkowfxwpp/image/upload/v1580643754/wwia/region%20banners/goldfields_ne0hru.jpg
Ballarat|Old Green Bean|179 Lyttleton Tce; Bendigo|Bendigo||oldgreenbean.com|sally@oldgreenbean.com|03 5444 3173|https://res.cloudinary.com/dkowfxwpp/image/upload/v1580643722/wwia/region%20banners/greater_melbourne_jmn16p.jpg
Ballarat|Red Rock Olives|3594 Ararat-Halls Gap Rd; Pomonal|Pomonal||redrockolives.com.au|info@redrockolives.com.au|0414 887 755|https://res.cloudinary.com/dkowfxwpp/image/upload/v1580643717/wwia/region%20banners/brisbane_wemqit.jpg
High Country|Bright Brewery|121 Great Alpine Rd; Bright|Bright||brightbrewery.com.au|info@brightbrewery.com.au|03 5755 1301|https://res.cloudinary.com/dkowfxwpp/image/upload/v1580643768/wwia/region%20banners/the_high_country_udwzpb.jpg
High Country|Chrismont|251 Upper King River Rd; Cheshunt|Cheshunt||chrismont.com.au|info@chrismont.com.au|03 5729 8220|https://res.cloudinary.com/dkowfxwpp/image/upload/v1580643771/wwia/region%20banners/the_murray_ffm5r7.jpg
High Country|Feathertop Winery|619 Great Alpine Rd; Porepunkah|Porepunkah||feathertopwinery.com.au|hello@feathertopwinery.com.au|03 5756 2356|https://res.cloudinary.com/dkowfxwpp/image/upload/v1580643771/wwia/region%20banners/the_murray_ffm5r7.jpg
High Country|Hub 62|62 Main St; Chiltern|Chiltern||facebook.com/hub62||03 5726 1207|https://res.cloudinary.com/dkowfxwpp/image/upload/v1580643744/wwia/region%20banners/mornington_peninsula_fs6bag.jpg
High Country|Jones Winery & Vineyard|61 Jones Road; Rutherglen|Rutherglen||joneswinery.com|jones@joneswinery.com|02 6032 8496|https://res.cloudinary.com/dkowfxwpp/image/upload/v1580643754/wwia/region%20banners/phillip_island_ueej6j.jpg
High Country|Milawa Cheese Company|17 Factory Road; Milawa|Milawa||milawacheese.com.au|info@milawacheese.com.au|03 5727 3589|https://res.cloudinary.com/dkowfxwpp/image/upload/v1580643707/wwia/region%20banners/adelaide_uzreqi.jpg
High Country|The Pickled Sisters Café|Cofield Wines, Distillery Rd; Wahgunyah|Wahgunyah||pickledsisters.com.au|cafe@pickledsisters.com.au|02 6033 2377|https://res.cloudinary.com/dkowfxwpp/image/upload/v1580643715/wwia/region%20banners/gippsland_ohbigm.jpg
High Country|St Leonards Vineyards|201 St Leonards Road; Wahgunyah|Wahgunyah||stleonardswine.com.au|cellardoor@stleonardswine.com.au|1800 021 621|https://res.cloudinary.com/dkowfxwpp/image/upload/v1580643707/wwia/region%20banners/adelaide_uzreqi.jpg
High Country|Stefano's|Cellars of the Grand Hotel, Langtree Avenue; Mildura|Mildura||stefano.com.au|info@stefano.com.au|03 5022 0881|https://res.cloudinary.com/dkowfxwpp/image/upload/v1580643768/wwia/region%20banners/the_high_country_udwzpb.jpg
High Country|Taste at Rutherglen|121B Main St; Rutherglen|Rutherglen|||||https://res.cloudinary.com/dkowfxwpp/image/upload/v1580643757/wwia/region%20banners/perth_surrounds_kxywzw.jpg
High Country|Spoons Riverside|125 Monash Drive; Swan Hill|Swan Hill||spoonsriverside.com.au|email@spoonsriverside.com.au|03 5032 2601|https://res.cloudinary.com/dkowfxwpp/image/upload/v1580643715/wwia/region%20banners/gippsland_ohbigm.jpg
High Country|Provenance|86 Ford St; Beechworth|Beechworth||theprovenance.com.au|info@theprovenance.com.au|03 5728 1786|https://res.cloudinary.com/dkowfxwpp/image/upload/v1580643741/wwia/region%20banners/hobart_and_the_south_kqlwgg.jpg
Macedon|The Cosmopolitan Hotel|Cnr High St & Cosmo Road; Trentham|Trentham||thecosmopolitanhotel.com.au|enquiries@thecosmopolitanhotel.com.au|03 5424 1516|https://res.cloudinary.com/dkowfxwpp/image/upload/v1580643771/wwia/region%20banners/the_murray_ffm5r7.jpg
Macedon|Daylesford Cider|155 Dairy Flat Rd; Musk|Musk||daylesfordcider.com.au|enquiries@daylesfordcider.com.au|03 5348 2275|https://res.cloudinary.com/dkowfxwpp/image/upload/v1580643715/wwia/region%20banners/gippsland_ohbigm.jpg
Macedon|Duck Duck Goose & Larder|17-21 Piper St; Kyneton|Kyneton||duckduckgooseandlarder.com.au|info@duckduckgooseandlarder.com.au|03 5422 1653|https://res.cloudinary.com/dkowfxwpp/image/upload/v1580643754/wwia/region%20banners/phillip_island_ueej6j.jpg
Macedon|Gisborne Peak Winery|69 Short Rd; Gisborne|Gisborne||gisbornepeakwines.com.au|info@gisbornepeakwines.com.au|03 5428 2228|https://res.cloudinary.com/dkowfxwpp/image/upload/v1580643749/wwia/region%20banners/launceston_and_the_north_idbg7e.jpg
Macedon|Lavandula Swiss Italian Farm|350 Hepburn-Newstead Rd; Shepherds Flat|Shepherds Flat||lavandula.com.au|mail@lavandula.com.au|03 5476 4393|https://res.cloudinary.com/dkowfxwpp/image/upload/v1580643757/wwia/region%20banners/perth_surrounds_kxywzw.jpg
Macedon|Sault |2349 Ballan Daylesford Rd; Daylesford|Daylesford||sault.com.au|enquiries@sault.com.au|03 5348 6555|https://res.cloudinary.com/dkowfxwpp/image/upload/v1580643734/wwia/region%20banners/great_ocean_road_metp89.jpg
Macedon|Tuki Trout Farm|60 Stoney Rise Rd; Smeaton |Smeaton ||tuki.com.au|info@tuki.com.au|03 5345 6233|https://res.cloudinary.com/dkowfxwpp/image/upload/v1580643741/wwia/region%20banners/hobart_and_the_south_kqlwgg.jpg
Mornington Peninsula|Donna Maria|52 Cook St; Flinders|Flinders||donnamaria.com.au||03 5989 0119|https://res.cloudinary.com/dkowfxwpp/image/upload/v1580643722/wwia/region%20banners/greater_melbourne_jmn16p.jpg
Mornington Peninsula|The Cups Estate|269 Browns Rd; Fingal|Fingal||thecupsestate.com.au||1300 131 741|https://res.cloudinary.com/dkowfxwpp/image/upload/v1580643771/wwia/region%20banners/the_murray_ffm5r7.jpg
Mornington Peninsula|DOC|22 Main St; Mornington|Mornington||docgroup.net|mornington@docgroup.net|03 5977 0988|https://res.cloudinary.com/dkowfxwpp/image/upload/v1580643734/wwia/region%20banners/margaret_river_southwest_ljcref.jpg
Mornington Peninsula|The Epicurean Red Hill|165 Shoreham Rd; Red Hill South|Red Hill South||theepicurean.com.au|info@theepicurean.com.au|03 5989 4000|https://res.cloudinary.com/dkowfxwpp/image/upload/v1580643722/wwia/region%20banners/greater_melbourne_jmn16p.jpg
Mornington Peninsula|Green Olive at Red Hill|1180 Mornington Flinders Rd; Main Ridge|Main Ridge||greenolive.com.au||03 5989 2992|https://res.cloudinary.com/dkowfxwpp/image/upload/v1580643782/wwia/region%20banners/the_grampians_ojkaom.jpg
Mornington Peninsula|Le Bouchon|10 Russel St; Balnarring|Balnarring|||info@lebouchon.com.au|03 5983 2012|https://res.cloudinary.com/dkowfxwpp/image/upload/v1580643734/wwia/region%20banners/margaret_river_southwest_ljcref.jpg
Mornington Peninsula|Main Ridge Dairy|295 Main Creek Rd; Main Ridge|Main Ridge||mainridgedairy.com.au||0409 013 807|https://res.cloudinary.com/dkowfxwpp/image/upload/v1580643782/wwia/region%20banners/the_grampians_ojkaom.jpg
Mornington Peninsula|Montalto|33 Shoreham Rd; Red Hill South|Red Hill South||montalto.com.au||03 5989 8412|https://res.cloudinary.com/dkowfxwpp/image/upload/v1580643715/wwia/region%20banners/gippsland_ohbigm.jpg
Mornington Peninsula|Paringa Estate|44 Paringa Rd; Red Hill South|Red Hill South||paringaestate.com.au|info@paringaestate.com.au|03 5989 2669|https://res.cloudinary.com/dkowfxwpp/image/upload/v1580643736/wwia/region%20banners/hunter_valley_xb7ghq.jpg
Mornington Peninsula|Yabby Lake Vineyard|86-112 Tuerong Rd; Tuerong|Tuerong||yabbylake.com|cellardoor@yabbylake.com|03 5974 3729|https://res.cloudinary.com/dkowfxwpp/image/upload/v1580643734/wwia/region%20banners/margaret_river_southwest_ljcref.jpg
Yarra Valley|Coldstream Brewery|94 Maroondah Hwy; Coldstream|Coldstream||coldstreambrewery.com.au|info@coldstreambrewery.com.au|03 9739 1794|https://res.cloudinary.com/dkowfxwpp/image/upload/v1580643782/wwia/region%20banners/the_grampians_ojkaom.jpg
Yarra Valley|Greenstone Vineyards|179 Glenview Rd; Yarra Glen|Yarra Glen||greenstonevineyards.com.au||03 9730 1022|https://res.cloudinary.com/dkowfxwpp/image/upload/v1580643775/wwia/region%20banners/yarra_valley_hhk1ob.jpg
Yarra Valley|Healesville Hotel|256 Maroondah Hwy; Healesville|Healesville||yarravalleyharvest.com.au|info@healesvillehotel.com.au|03 5962 4002|https://res.cloudinary.com/dkowfxwpp/image/upload/v1580643756/wwia/region%20banners/nsw_north_coast_zzmcg2.jpg
Yarra Valley|Mandala Wines|1568 Melba Highway; Dixons Creek|Dixons Creek||mandalawines.com.au||03 5965 2016|https://res.cloudinary.com/dkowfxwpp/image/upload/v1580643734/wwia/region%20banners/great_ocean_road_metp89.jpg
Yarra Valley|Medhurst Wines|24-26 Medhurst Rd; Gruyere|Gruyere||medhurstwines.com.au|office@medhurstwines.com.au|03 5964 9022|https://res.cloudinary.com/dkowfxwpp/image/upload/v1580643706/wwia/region%20banners/darwin_dirruw.jpg
Yarra Valley|Meletos|12 St Huberts Rd; Coldstream|Coldstream||meletos.com|info@meletos.com |03 9739 1888|https://res.cloudinary.com/dkowfxwpp/image/upload/v1580643754/wwia/region%20banners/goldfields_ne0hru.jpg
Yarra Valley|Stones of the Yarra Valley|14 St Huberts Rd; Coldstream|Coldstream||stonesoftheyarravalley.com|info@stonesoftheyarravalley.com|03 8727 3000|https://res.cloudinary.com/dkowfxwpp/image/upload/v1580643706/wwia/region%20banners/darwin_dirruw.jpg
Yarra Valley|Yarra Valley Dairy|70-80 McMeikans Rd; Yering|Yering||yvd.com.au|mail@yvd.com.au|03 9739 1222|https://res.cloudinary.com/dkowfxwpp/image/upload/v1580643771/wwia/region%20banners/the_murray_ffm5r7.jpg
Yarra Valley|Yering Station|38 Mjelba Highway; Yarra Glen|Yarra Glen||yering.com|info@yering.com|03 9730 0100|https://res.cloudinary.com/dkowfxwpp/image/upload/v1580643722/wwia/region%20banners/greater_melbourne_jmn16p.jpg
Yarra Valley|Zonzo Estate|957 Healesville-Yarra Glen Rd; Yarra Glen|Yarra Glen||zonzo.com.au|hr@zonzo.com.au|03 9730 2500|https://res.cloudinary.com/dkowfxwpp/image/upload/v1580643722/wwia/region%20banners/greater_melbourne_jmn16p.jpg
Australia's North West|The Mango Place|Lot 4, 12 mile/120 Kanagae Dr|Broome|6725|https://themangoplace.com.au|mangowine@myaccess.com.au|(08) 9192 5462|
Australia's North West|Runway Bar|17 Carnarvon St|Broome|6725|http://restaurantsnapshot.com/RunwayBar/||(08) 9192 8111|
Australia's North West|Zanders|Cable Beach Road (West)|Cable Beach|6726|http://www.zanders.com.au|reservations@zanders.com.au|(08) 9193 5090|
Australia's North West|The Zookeepers store|2 Challenor Drive|Broome|6725|https://www.zks.com.au|enquiries@zks.com.au|(08) 9192 0015|
Australia's North West|Johnny Sausage|47 Carnarvon Street|Broome|6725|http://www.johnnysausage.com.au||(08) 9192 1303|
Australia's North West|Sunset Bar & Grill|Cable Beach Road, Cable Beach Club Resort|Broome|6726|https://www.cablebeachclub.com/dine|info@cablebeachclub.com|(08) 9192 0470.|
Australia's North West|Cichetti club|Cable Beach Road, Cable Beach Club Resort|Broome|6726|https://www.cablebeachclub.com/dine|info@cablebeachclub.com|(08) 9192 0411.|
Australia's North West|Bali Hai Café|6 Murray Road|Broome|6726|https://www.balihairesort.com/cable-beach-restaurant-broome/|reception@balihairesort.com|(08) 9191 3100|
Australia's North West|Matsos Brewery|60 Hamersley St|Broome|6725|https://matsos.com.au|carly.devine@matsosbroome.com.au|(08) 9193 5811|
Australia's North West|Divers Tavern beach bar|12 Cable Beach Rd W|Broome|6726|http://diverstavern.com.au|admin@diverstavern.com.au|(08) 9193 6066|
Australia's North West|The Bay Club|47 Carnarvon St|Broome|6725|https://mangrovehotel.com.au/eat-drink/|reservations@mangrovehotel.com.au|(08) 9192 1303|
Australia's North West|Jacks Bar and Restaurant|323 Great Northern Highway |Broome|6725|https://ecobeach.com.au/resort/dining/|Restaurant@ecobeach.com|(08) 9193 8015|
Australia's North West|The Esplanade |2-4 Anderson St| Port Hedland|6721|https://www.theesplanadeporthedland.com.au/dine-with-us.aspx|info@ehph.com.au|(08) 9173 9700|
Australia's Golden Outback|Loose Goose |9A Andrew Street|Esperance|6450|http://loosegooseesperance.com.au|info@loosegooseesperance.com.au|(08) 9071 2320|
Australia's Golden Outback|Tanglefoot Winery|2507 North Bannister Road|Wandering|6308|http://tanglefootwines.blogspot.com|tanglefoot@westnet.com.au|0427 190 002|
Australia's Golden Outback|The Pier Hotel|47 The Esplanade|Esperance|6450|https://www.thepierhotelesperance.com|reception@pierhotel.net.au|(08) 9071 1777|
Australia's Golden Outback|Beaten Track Brewery|25A Dwyer Street|Boulder|6430|https://www.beatentrackbrewery.com.au|ontap@beatentrackbrewery.com.au|0429 205 516|
Australia's Golden Outback|Seasons Restaurant|44-46 The Esplanade|Esperance|6450|https://www.esperance.wa.hospitalityinns.com.au/restaurant|esperance@hospitalityinns.com.au|(08) 9071 1999|
Australia's Golden Outback|Williams Woolshed|101 Albany Hwy|Williams|6391|https://www.thewilliamswoolshed.com.au|info@williamswoolshed.com|(08) 9885 1400|
Australia's Golden Outback|Balcony Bar|137 Hannan Street|Kalgoorlie|6430|https://palacehotelkalgoorlie.com/balcony-bar-and-restaurant/|bookings@palacehotel.com.au|(08) 9021 2788|
Australia's Golden Outback|Blue Monkey|418 Hannan Street|Kalgoorlie|6430|http://bluemonkeyrestaurant.com.au|info@bluemonkeyrestaurant.com.au|(08) 9091 3833|
Australia's Golden Outback|Elijays Restaurant|32 The Esplanade|Esperance|6450|http://comfortinnbayofisles.com.au/comfort_wp/|reservations@comfortinnbayofisles.com.au|(08) 9071 9000|
Australia's Golden Outback|Katherine Station|560 Hannan Street|Kalgoorlie|6430|https://www.kalgoorlie.wa.hospitalityinns.com.au/katherinestation|kalgoorlie@hospitalityinns.com.au|(08) 9021 2888|
Australia's Golden Outback|York Hotel|259 Hannan St|Kalgoorlie|6430|https://www.yorkhotel.com.au|yorkhtl@bigpond.net.au|(08) 90212337|
Australia's Golden Outback|Mamma Mia's|497 Hannans Street|Kalgoorlie|6434|http://starandgarter.com.au/bistro/|admin@starandgarter.com.au|(08) 9026 3399|
Australia's Golden Outback|Cecilia's on Hay|181 Hay St|Kalgoorlie|6430|https://www.ceciliasonhay.com|ceciliasonhay@gmail.com|0427 170 562|
Australia's Golden Outback|kalgoorlie Hotel|319 Hannan St|Kalgoorlie|6430|https://www.kalgoorliehotel.com.au|enjoy@kalgoorliehotel.com.au|(08) 9021 3046|
Australia's Golden Outback|Dome|149 Hannan St|Kalgoorlie|6430|http://www.domecoffees.com/stores/dome-kalgoorlie/||(08) 9021 2309|
Australia's Coral Coast|Lobster Shack|11 Madrid Street|Cervantes|6511|http://lobstershack.com.au|tours@iorl.com.au|(08) 9652 7010|
Australia's Coral Coast|Illegal Tender Rum Co|35 Illyarrie Road|Springfield|6525|https://illegaltenderrumco.com|admin@illegaltenderrumco.com|0435 818 887|
Australia's Coral Coast|Southerlys Harbour View |60 Point Leander Dr |Port Denison|6525|https://www.southerlystav.com|southerleys@bigpond.com|(08) 9927 2207|
Australia's Coral Coast|The Gerald Hotel |25 Cathedral Ave|Geraldton|6530|https://thegerald.com.au/play/|hello@thegerald.com.au|(08) 9918 0100|
Australia's Coral Coast|Skeetas Restaurant|3/219 Foreshore Drive|Geraldton|6530|http://www.skeetas.com.au|haley@skeetas.com.au|08 9964 1619|
Australia's Coral Coast|Kalbarri Edge |22 Porter Street|Kalbarri|6536|https://www.kalbarriedge.com.au/index.site.restaurants.472.html|reservations@kalbarriedge.com.au|(08) 9937 0000|
Australia's Coral Coast|The Provincial|167 Marine Tce|Geraldton|6530|https://www.theprovincial.com.au|bar@theprovincial.com.au|(08) 9964 1887|
Australia's Coral Coast|Cutler and Smith|41 Chapman Rd|Geraldton|6530|https://cutlerandsmith.com.au|bar@cutlerandsmith.com.au|(08) 9921 8925|
Australia's Coral Coast|Harbour View Restaurant|87 Marine Terrace|Geraldton|6530|http://www.harbourviewgeraldton.com.au|info@harbourviewgeraldton.com.au|(08) 9921 1033|
Australia's Coral Coast|Burnt Barrel|305 Nanson-Howatharra Rd|Geraldton|6532|https://www.burntbarrel.com|enquiries@burntbarrel.com|(08) 9920 5552|
Australia's Coral Coast|Walebone brewing co.|27 Patterson Way|Exmouth|6707|https://www.whalebonebrewing.com.au|info@whalebonebrewing.com.au|0457 447 117|
Australia's Coral Coast|Froth Craft Brewery|5 Kennedy St|Exmouth|6707|https://www.frothcraft.com|pete@frothcraft.com|(08) 9949 1451|
Australia's Coral Coast|Whalers Restaurant|Crn Murat Rd and Welch St |Exmouth|6707|https://www.whalersrestaurant.com.au|whalersrestaurant@westnet.com.au|(08) 9949 2416|
Australia's Coral Coast|Manatrays|Madaffari Drive|Exmouth|6707|https://www.mantaraysningalooresort.com.au|reservations@mantaraysningalooresort.com.au|(08) 9949 0003|
Australia's Coral Coast|See Salt|3A Kennedy St|Exmouth|6707|http://www.seesalt.com.au|info@seesalt.com.au|(08) 9949 1400|
Australia's Coral Coast|Cadilacs Bar and Grill|1 Pelias Street|Exmouth|6707|http://www.cadillacsbar.com.au|gracestavern@bigpond.com|(08) 9949 1000|
Australia's Coral Coast|Potshot Bistro|1 Murat Rd, Exmouth|Exmouth|6707|https://www.potshotresort.com/view/food-and-drinks|potshotresort@bigpond.com|(08) 9949 1200|
Australia's Coral Coast|Ningaloo Lighthouse Bar|Yardie Creek Rd|Exmouth|6707|https://www.ningaloolighthouse.com|stay@ningaloolighthouse.com|(08) 9949 1478|
Australia's South West|Barton Jones Wines|39 Upper Capel Road|Donnybrook|6239|https://www.bartonjoneswines.com.au| info@bartonjoneswines.com.au| 0409831926|
Australia's South West|Capel Vale Wines|Lot 5 Stirling Estate, Mallokup Road|Capel|6271|https://www.capelvale.com.au|winery@capelvale.com|(08) 9727 1986|
Australia's South West|Ferguson Falls Estate|172 Pile Road|Dardanup|6236|https://fergusonfalls.com.au| fergusonfalls@wn.com.au|(08) 9728 1083|
Australia's South West|Ferguson Hart Estate |3 Gardincourt Dr, Ferguson|Dardanup|6236|https://fergusonhartestate.com.au|ferg.hart.est@westnet.com.au|08 9728 0144|
Australia's South West|Green Door Wines|1112 Henty Road, Henty|Henty|6237|https://www.greendoorwines.com.au|kath@greendoorwines.com.au|(08) 9728 0907|
Australia's South West|Oakway Estate|575 Farley Road, Paynedale|Paynedale|6239|https://www.oakwayestate.com.au|wine@oakwayestate.com.au|(08) 9731 7141|
Australia's South West|St Aidan Wines|754 Ferguson Rd, Ferguson|Dadanup|6236|http://www.saintaidan.com.au|cellardoor@saintaidan.com.au|(08) 97283007|
Australia's South West|Smallwater Estate|52 Tramline Rd, Newlands |Newlands|6251|https://smallwaterestate.com|john@smallwaterestate.com|(08) 9731 6036 |
Australia's South West|Boston Brewing Co|678 South Coast Hwy|Denmark|6333|http://bostonbrewing.com.au|info@bostonbrewing.com.au|(08) 9848 1555|
Australia's South West|Castelli Lodge Bar & Bistro|390 Mount Shadforth Road|Denmark|6333|https://www.castelliestate.com.au/denmark/|bookings@castelligroup.com.au |(08) 9848 3174|
Australia's South West|Due South|6 Toll Place|Albany|6330|https://www.duesouthalbany.com.au|DUESOUTHALBANY@HOTMAIL.COM|(08) 9841 8526|
Australia's South West|Garrison|7 Forts Road, Mt Adelaide|Albany|6330|https://www.garrison.net.au|info@garrison.net.au|(08) 9842 6654.|
Australia's South West|Liberte |162 Stirling Terrace|Albany|6330|https://libertealbany.com.au| INFO@LIBERTEALBANY.COM.AU|(08) 9847 4797|
Australia's South West|Mount Barren at Bremer Bay Resort|1 Frantom Way|Bremer Bay|6338|https://www.bremerbayresort.com.au/food|bookings@bremerbayresort.com.au|(08) 9837 4133|
Australia's South West|Rustlers Steakhouse & Grill|222 Stirling Terrace|Albany|6330|https://www.rustlers.com.au|contact@rustlers.com.au|(08) 9842 2454|
Australia's South West|The Lake House|106 Turner Road|Denmark|6333|https://www.lakehousedenmark.com.au|lunch@lakehousedenmark.com.au|(08) 9848 2444|
Australia's South West|Venice|179 York Street|Albany|6330|https://thevenicealbany.com.au||(08) 9841 3978|
Australia's South West|Arimia|242 Quininup Road|Wilyabrup |6280|https://www.arimia.com.au|visit@arimia.com.au|(08) 9755 2528|
Australia's South West|Vasse Felix|Caves Road (Corner Tom Cullity Drive)|Margaret River|6284|https://www.vassefelix.com.au| info@vassefelix.com.au|(08) 9756 5000|
Australia's South West|Leeuwin Estate|Stevens Road Margaret River|Margaret River|6285|https://leeuwinestate.com.au| winery@leeuwinestate.com.au|(08) 9759 0000|
Australia's South West|Cullen Wines|4323 Caves Road Wilyabrup|Wilyabrup |6280|https://www.cullenwines.com.au|cullendining@cullenwines.com.au|(08) 9755 5277|
Australia's South West|Blue Manna Bistro|1/16 Cyrillean Way|Dunsborough |6281|https://www.bluemannabistro.com.au|info@bluemannabistro.com.au|(08) 9786 5051|
Australia's South West|Glenarty Road|70 Glenarty Road|Karridale|6288|https://www.glenartyroad.com.au|hello@glenartyroad.com.au|0475 085 305|
Australia's South West|Yarri|6/16 Cyrillean Way |Dunsborough |6281|https://yarri.com.au|cooee@yarri.com.au|(08) 9786 5030|
Australia's South West|Cape Lodge|3341 Caves Road|Yallingup |6283|https://www.capelodge.com.au|stay@capelodge.com.au|(08) 9755 6311|
Australia's South West|Settlers Tavern|114 Bussell Hwy|Margaret River|6285|https://www.settlerstavern.com|info@settlerstavern.com|(08) 9757 2398|
Australia's South West|Voyager Estate|41 Stevens Rd|Margaret River|6285|https://www.voyagerestate.com.au|wineroom@voyagerestate.com.au|(08) 9757 6354|
Australia's South West|Amelia Park|3857A Caves Rd|Wilyabrup|6280|https://www.ameliaparkrestaurant.com.au|dine@ameliaparkrestaurant.com.au|(08) 9755 6747|
Australia's South West|Bunkers Beach House|Farm Break Lane & Bunker Bay Road|Naturaliste|6281|https://bunkersbeachhouse.com.au|info@bunkersbeachhouse.com.au|(08) 9756 8284|
Australia's South West|Wills Domain|17 Brash Rd|Yallingup |6282|https://willsdomain.com.au||(08) 9755 2327|
Australia's South West|Xanadu|​Boodjidup Rd|Margaret River|6285|https://www.xanaduwines.com|info@xanaduwines.com|(08)9758 9500|
Australia's South West|Three Anchors|2 Flinders Parade, Middleton Beach, Albany WA|Albany|6330|http://www.threeanchors.com.au|INFO@THREEANCHORS.COM.AU|(08) 9841 1600|
Australia's South West|Six Degrees|70 Stirling Terrace|Albany|6330|https://albanymotelwa.com.au|enquiries@sixdegreesalbany.com.au|(08) 9841 1466|
Australia's South West|Dylans|82-84 Stirling Terrace|Albany|6330|https://www.dylans.com.au|catering@dylans.com.au|(08) 98418720|
Australia's South West|Yak on the York|22-32 Proudelove Pde|Albany|6330|https://www.yakonyork.com|yakonyork@gmail.com|(08) 98428579|
Australia's South West|Ocean and Paddock|116 Middleton Rd|Albany|6330|http://www.oceanandpaddock.com.au|Oceanandpaddock@yahoo.com|(08) 9842 6212|
Australia's South West|The White Star|72 Stirling Tce|Albany|6330|https://www.whitestarhotel.com.au|info@whitestarhotel.com.au|(08) 9841 1733|
Australia's South West|Hybla|11 Flinders Pde 11 Flinders Pde|Albany|6330|https://hybla.com.au|info@hybla.com.au|(08) 9841 1120|
Australia's South West|Lime 303|303 Middleton Rd|Albany|6330|https://www.dogrockmotel.com.au/lime-303/|info@dogrockmotel.com.au|(08) 98411400|
Australia's South West|Rats Bar|18 Adelaide Crescent|Albany|6330|http://albanyratsbar.com.au|ratty@albanyratsbar.com.au |(08) 9842 6331 |
Australia's South West|Frenchy's Restaurant|65 Frenchman Bay Rd|Albany|6330|https://www.frenchysrestaurantandtearooms.com|info@frenchysrestaurantandtearooms.com|(08) 9841 3071|
Australia's South West|Ryan's|314 Albany Hwy|Albany|6330|https://www.aceaccommodationalbany.com.au/eat|reservations@aceaccommodationalbany.com.au|(08) 9841 2911|
Australia's South West|Southern Crust|137 Bussell Highway|Margaret River|6285|http://www.southerncrust.com.au|southerncrust@gmail.com|(08) 9757 3131|
Australia's South West|Mikis Open Kitchen|131 Bussell Hwy|Margaret River|6285|https://mikisopenkitchen.com.au|mikisopenkitchen@hotmail.com|(08) 9758 7673|
Australia's South West|Margaret River Brewhouse|35 Bussell Hwy|Margaret River|6285|https://www.margaretriverbrewhouse.com.au|info@mrbrewhouse.com.au|(08) 9757 2614|
Australia's South West|Brookwood Estate|430 Treeton Rd|Margaret River|6284|https://brookwood.com.au|cellardoorsales@brookwood.com.au|(08) 9755 5604|
Australia's South West|Arc of Iris|151 Bussell Hwy|Margaret River|6285|https://www.arcofiris.com.au|thearcofiris@gmail.com|(08) 9757 3112|
Australia's South West|La Scarpetta|73 Bussell Hwy|Margaret River|6285|https://www.lascarpetta.com.au|ask@lascarpetta.com.au|(08) 9757 9234|
Australia's South West|Morries|149 Bussell Hwy|Margaret River|6285|https://www.morries.com.au|enquiries@morries.com.au|(08) 9758 8280|
Australia's South West|Burger Baby|115 Bussell Hwy|Margaret River|6285|https://www.burgerbabymargs.com|hello@burgerbabymargs.com|(08) 9757 9991|
Australia's South West|Swings Taphouse|85 Bussell Hwy|Margaret River|6285|https://www.swings.com.au|taphouse@swings.com.au|(08) 9758 7155|
Australia's South West|Elkamo|107 Bussell Hwy|Margaret River|6285|http://www.elkamo.com.au|info@elkamo.com.au|(08) 9758 8877|
Australia's South West|Margaret River Distilling Company|Maxwell Street|Margaret River|6285|https://www.distillery.com.au|ben.tassone@distillery.com.au|(08) 9757 9351|
Australia's South West|Willow Grill|78 Wallcliffe Rd|Margaret River|6285|http://staymargaretriver.com.au/restaurant/|reservations@staymargaretriver.com.au|(08) 9757 2633|
Australia's South West|The River|40 Wallcliffe Road|Margaret River|6285|https://www.theriverhotel.com.au|stay@theriverhotel.com.au|(08) 9757 0000|
Australia's South West|Riverbrook Restaurant|77 Memorial Ave|Baskerville|6056|https://www.upperreach.com.au/Restaurant|bookings@riverbrook.com.au |(08) 9296 3883|
Perth|Petition|Cnr St Georges Terrace & Barrack Street |Perth|6000|https://petitionperth.com|ENQUIRIES@STATEBUILDINGS.COM|(08) 6168 7771|
Perth|Lulu La Delizia |Shop 5 97 Rockeby Road |Subiaco|6008|https://lululadelizia.com.au|info@lululadelizia.com.au| 08 9381 2466|
Perth|Bib & Tucker|18 Leighton Beach Blvd |North Fremantle|6159|https://www.bibandtucker.net.au|info@bibandtucker.net.au|(08) 9433 2147|
Perth|The Flour Factory|16 Queen Street |Perth|6000|http://theflourfactory.com|info@theflourfactory.com|(08) 9485 1711|
Perth|Bread in Common|43 Pakenham Street |Fremantle|6160|https://www.breadincommon.com.au|info@breadincommon.com.au|(08) 9336 1032|
Perth|Balthazar|6 The Esplanade |Perth|6000|http://www.balthazar.com.au|info@balthazar.com.au|(08) 9421 1206|
Perth|Il Lido|88 Marine Parade |Cottesloe|6011|https://www.illido.com.au|bookings@illido.com.au|(08) 9286 1111|
Perth|Odyssea|187 Challenger Parade |City beach|6015|https://www.odysseacitybeach.com.au|info@odysseacitybeach.com.au|(08) 9385 7979|
Perth|Garum|480 Hay Street|Perth|6000|https://www.garum.com.au|garum@westin.com|(08) 6559 1870|
Perth|Manuka Woodfire Kitchen|134 High Street |Fremantle|6160|https://www.manukawoodfire.com.au|manuka@manukawoodfire.com.au|(08) 9335 3527|
Perth|Si Paradiso|446 Beaufort Street|Highgate|6003|http://www.si-paradiso.com||0499 874 151|
Perth|Millbrook Winery|Old Chestnut Lane|Jarrahdale|6124|https://www.millbrook.wine|restaurant@millbrook.wine|(08) 9525 5796|
Perth|Kailis Fishmarket Café|46 Mews Road|Fremantle|6160|https://kailis.com/fremantle/|FREMANTLE@KAILIS.COM|(08) 9335 7755|
Perth|Le Rebelle |676 Beaufort Street|Mount Lawley|6050|https://www.lerebelle.com.au|INFO@LEREBELLE.COM.AU|(08) 6161 3100|
Perth|Red Cabbage|49 15 Labouchere Road|South Perth|6151|http://redcabbagefoodandwine.com.au|redcabbageperth@gmail.com|(08) 9367 5744|
Perth|Monsterella Pizza|46 Grantham Street|Wembley|6014|http://www.monsterella.com.au|info@monsterella.com.au|(08) 9287 2949|
Perth|Young George|48 George Street|East Fremantle|6158|https://www.younggeorge.com.au|susan@younggeorge.com.au|(08) 6424 9500|
Perth|Tiny's|Shop E2, QV Building 250 St Georges Terrace|Perth|6000|https://www.tinysbar.com.au|goodtimes@tinysbar.com.au|(08) 6166 9188|
Perth|Shadow Wine Bar|214 William Street|Northbridge|6003|https://shadowwinebar.com.au|hello@shadowwinebar.com.au|(08) 6430 4010|
Perth|Propeller|222 Queen Victoria Street|North Fremantle|6159|https://www.propellernorthfreo.com.au|ahoy@propellernorthfreo.com.au|(08) 9335 9366|
Perth|Lalla Rookh|77 St Georges Terrace|Perth|6000|https://www.lallarookh.com.au|info@lallarookh.com.au|(08) 9325 7077|
Perth|Island Market Trigg|364 West Coast Drive|Trigg|6029|http://www.islandmarkettrigg.com|islandmarket@kailis.com|(08) 9447 0077|
Perth|Santini bar & Grill|QT Perth Hotel 133 Murray Street|Perth|6000|https://www.santinibarandgrill.com.au|santini_qtperth@evt.com|(08) 9225 8000 |
Perth|Clarke's of North Beach|97 Flora Terrace|North Beach|6020|http://clarkesofnorthbeach.com|clarkesofnorthbeach@hotmail.com|(08) ​9246 7621|
Perth|Must Winebar|​519 Beaufort Street|Highgate|6003|http://www.must.com.au|office@must.com.au|(08) ​9328 8255|
Perth|Aravina |61 Thornton Rd|Yallingup |6282|https://aravinaestate.com|info@aravinaestate.com|(08) 9750 1111|
Perth|The Shorehouse|278 Marine Parade|Swanbourne|6010|http://www.shorehouse.com.au|info@shorehouse.com.au|(08) 9286 4050|
Perth|The Post|​1 Cathedral Avenue|Perth|6000|https://postperth.com|post.thetreasury@comohotels.com|(08) ​6168 7822|
Perth|Petit Mort|​225 Onslow Road|Shenton Park|6008|https://www.petitemort.net.au|contact@petitemort.net.au|(08) 9388 0331|
Perth|Samson's Paddock |3 Glyde Street|Mosman Park|6012|https://samsonspaddock.com.au|office@samsonspaddock.com.au|(08) 9385 3854|
Perth|Habituè|1 Harvest Road|North Fremantle|6159|http://habituerestaurant.com.au|relax@habituerestaurant.com.au|(08) 9336 1265|
Perth|Bivouac|198 William Street|Northbridge|6003|http://bivouac.com.au|manager@bivouac.com.au|(08) 9227 0883|
Perth|Mayfair Lane|​72 Outram Street|West Perth|6005|https://mayfairlane.com.au|hello@mayfairlane.com.au|(08) 9425 5222|
Perth|Galileo Buona Cucina|199 Onslow Road|Shenton Park|6008|https://www.galileorestaurantperth.com|info@galileorestaurant.com.au|(08) 9382 3343|
Perth|Oggi Bar|300 Walcott Street|Menora|6050|https://www.oggibar.com.au|admin@oggibar.com.au|(08) 9370 3373|
Perth|Wise Wine|237 Eagle Bay Road, Dunsborough|Naturaliste|6281|http://wiseeaglebay.com.au|bookings@wisefood.com|(08) 9755 3331|
Perth|Fraser's Kings Park|60 Fraser Avenue, Kings Park|West Perth|6005|https://www.frasersrestaurant.com.au|reservations@frasersrestaurant.com.au|(08) 9482 0103 |
Perth|Nine Nine Food|​227 Bulwer Street|Perth|6000|http://www.ninefinefood.com.au||(08) ​9227 9999|
Perth|Matilda |3 Hackett Drive |Crawley|6009|https://www.matildabayrestaurant.com.au|reception@matbay.com.au|(08) 9423 5000|
Perth|Sentinel|111 St Georges Tce|Perth|6000|https://sentinelbar.com.au|info@sentinelbar.com.au|(08) 6103 0507|
Perth|Sayers Sister|236 Lake St Northbridge|Perth|6000|http://www.sayerssister.com.au|sayerssister@westnet.com.au|(08) 92277506|
Perth|Amano Restaurant|Barrack Street Jetty Pier 1|Perth|6000|https://amanorestaurant.com.au|bookings@amanorestaurant.com.au|(08) 9325 4575|
Perth|Uma Restaurant|207 Adelaide Terrace|Perth|6000|https://www.umaperth.com.au|umaperth@panpacific.com|(08) 6211 7221|
Perth|Sen5es|221 Adelaide Tce|Perth|6000|https://restaurants.accor.com/gb/restaurant-1764_R001-sen5es-perth.shtml#|H1764-fb@accor.com|(08) 92211200|
Perth|Blackbird Restaurant|10 Eastbrook Tce|Perth|6004|https://www.blackbirdrestaurant.net|info.blackbird410@gmail.com|(08) 9225 7880|
Perth|C Restaurant|44 St Georges Terrace|Perth|6000|https://www.crestaurant.com.au|general@crestaurant.com.au|(08) 9220 8333|
Perth|Post |1 Cathedral Ave|Perth|6000|https://postperth.com|post.thetreasury@comohotels.com|(08) 6168 7822|
Perth|La Fattoria|211 Merrivale Rd|Perth Hills|6076|https://www.lafattoria.com.au|info@lafattoria.com.au|(08) 9293 7888|
Perth|Angel Falls Grill|872-884 Hay St Shafto Lane|Perth|6000|https://angelfallsgrill.com.au|hola@angelfallsgrill.com.au|(08) 9481 6222|
Perth|European Hotel by Miss Maud|97 Murray St|Perth|6000|https://europeanhotel.com.au|hotel@missmaud.com.au|(08) 9325 3900|
Perth|The Karalee on Preston|25 Preston St|Como|6152|https://www.thekaralee.com.au|karaleemanager@revel.net.au|(08) 9367 1848|
Perth|Mauruzzella|63 Bennett St|East Perth|6004|http://maruzzellarestaurant.com/#home|info@maruzzellarestaurant.com|(08) 9225 5591|
Perth|The Little Banksia|78 Banksia Tce|Kensington|6151|https://thelittlebanksia.com.au|info@thelittlebanksia.com.au|(08) 6468 6514|
Perth|Adelphi|14 Mill Street|Perth|6000|https://www.adelphigrill.com|adelphigrill@hilton.com|(08) 9215 2422|
Perth|Andaluz|21 Howard St|Perth|6000|https://www.andaluzbar.com.au|info@andaluzbar.com.au|(08) 9481 0092|
Perth|Brika|177 Stirling St|Perth|6000|https://brika.com.au|info@brika.com.au|0455 321 321|
Perth|Café Italia|251 Hay St|Perth|6000|http://www.perthcaffeitalia.com.au|roberto@perthcaffeitalia.com.au|(08) 9221 3100|
Perth|Varnish|75 King St|Perth|6000|http://varnishonking.com|lachlan@varnishonking.com|(08) 9324 2237|
Perth|Holmes & Co|329 Murray St|Perth|6000|https://holmesandco.com.au|contact@holmesandco.com.au|(08) 9226 1997|
Perth|Sorrento Restaurant|158 James St |Northbridge|6003|https://www.sorrentorestaurant.com.au|info@sorrentorestaurant.com.au|(08) 9328 7461|
Perth|Print Hall|125 St Georges Terrace|Perth|6000|http://printhall.com.au|info@printhall.com.au|(08) 6282 0000|
Perth|Chee Tayeb|353 Murray St|Perth|6000|http://cheetayeb.com.au|cheetayebresto@gmail.com|(08) 9481 7788|
Perth|The Generous Squire |397 Murray St|Perth|6000|https://www.jamessquire.com.au/brewhouses/the-generous-squire//|book@thegeneroussquire.com.au|(08) 6311 7071|
Perth|The Stables|888 Hay Street|Perth|6000|https://www.thestablesbar.com.au|info@thestablebar.com.au|(08) 6314 1300|
Perth|Tarts|212 Lake St|Perth|6000|https://www.tartscafe.com.au|tartscafe@optusnet.com.au|(08) 9328 6607|
Perth|Ascua|King Street (Opposite His Majesty's Theatre)|Perth|6000|https://www.ascua.com.au|hola@ascua.com.au|(08) 9486 5700|
Perth|West End Deli|Carr St|West Perth|6005|https://www.westenddeli.net.au|westenddeli@iinet.net.au|0437 609 716|
Perth|La Cholita|279 William St|Perth|6003|http://www.lavishhabits.com.au/venues/la-cholita/|functions@lacholita.com.au|0432 444 090|
Perth|Tony Roma's|919 Hay St|Perth|6000|https://locations.tonyromas.com/australia/wa/perth/919-hay-street|socialmedia@romacorp.com|(08) 9481 8152|
Perth|The Meat & Wine|108 St Georges Terrace|Perth|6000|https://themeatandwineco.com|perth@themeatandwineco.com|(08) 6163 8880|
Perth|The Painted Bird|93-95 William Street|Perth|6000|http://thepaintedbird.com.au|info@thepaintedbird.com.au|0438 509 346|
Perth|The Hommus Club|258 William Street |Perth|6000|https://thehummusclub.com|hello@thehummusclub.com|(08) 9227 8215|
Perth|The Standard|28 Roe St|Northbridge|6003|https://www.thestandardperth.com.au|info@thestandardperth.com.au|(08) 9228 1331|
Perth|Firewater Grille|1 St Georges Tce|Perth|6000|https://www.perth.duxtonhotels.com/dining/firewater-grille|firewatergrille@perth.duxton.com.au|(08) 9261 8025|
Perth|Bistro Bellavista|150 Bennett St|West Perth|6004|http://www.bistrobellavista.com.au|feedme@bistrobellavista.com.au|(08) 9220 9560|
Perth|Heirloom|10 Adelaide Tce|West Perth|6004|https://perth.frasershospitality.com/en/dining/heirloom-restaurant-&-bar.html|Heirloom.Perth@frasershospitality.com|(08) 9261 0035|
Perth|Zafferano|173 Mounts Bay Rd|Perth|6000|https://zafferano.com.au|info@zafferano.com.au|(08) 9321 2588|
Perth|Francesca's Kitchen|156 Railway Parade|West Leederville|6007|http://francescas.com.au|francescaskitchen156@gmail.com|0416 390 477|
Perth|Gordon St Garage|16 Gordon St|Perth|6005|https://gsgarage.com.au|service@gsgarage.com.au| (08) 9322 8050|
Perth|Old Faithful Bar & BBQ|86 King St|Perth|6000|http://www.oldfaithfulbar.com.au|general@oldfaithfulbar.com.au|0406 082 607|
Perth|Julio's Italian Restaurant|1309 Hay St|Perth|6005|https://www.julios.com.au|functions.perth@sage-hotels.com|(08) 6500 9111|
Perth|Gioia on the River|74/20 Royal street|Perth|6003|https://gioiaontheriver.com.au|info@gioiaontheriver.com.au|0481 398 691|
Perth|Flora & Fauna|195 Challenger Parade|Perth|6015|https://clancysfishpub.com.au/venues/city-beach/|citybeach@clancysfishpub.com.au|(08) 9385 7555|
Perth|No Mafia|189 William Street|Northbridge|6003|http://www.nomafia.com.au|info@nomafia.com.au|(08) 6162 6405|
Perth|The Heritage Wine Bar|131 St Georges Terrace|Perth|6000|https://www.theheritageperth.com.au|enquiries@theheritageperth.com.au|(08) 9226 5596|
Perth|The Royal|60 Royal St|Perth|6004|http://www.theroyaleastperth.com/menu/|info@theroyaleastperth.com|(08) 9221 0466|
Perth|Simple Italian|413 Murray St|Perth|6000|https://www.simpleitalian.com.au|info@simpleitalian.com.au|(08) 9481 7999|
Perth|Arthur & Co|480 Hay St|Perth|6000|https://www.arthurandco.com.au|info@arthurandco.com.au|(08) 9325 4886|
Perth|Lamont's Bishop House|90 Mounts Bay Rd|Perth|6000|https://lamonts.com.au/bishops-house/|bishops@lamonts.com.au|(08) 9226 1884|
Perth|Belgian Beer Café|Cnr King & Murray Sts|Perth|6000|https://www.belgianbeer.com.au/contact|belgianbeercafeperth@alhgroup.com.au|(08) 9321 4094|
Perth|Wassup Dog|113 Royal St|East Perth|6004|http://www.wassupdog.com.au|jules@wassupdog.com.au|(08) 9221 5436|
Perth|Heno & Rey|Corner of King Street & Hay Street|Perth|6000|https://www.henoandrey.com.au|hola@henoandrey.com.au|(08) 9486 5700|
Perth|The Globe|495-497 Wellington St|Perth|6000|https://theglobeperth.com.au|admin.theglobe@theglobeperth.com.au|(08) 9460 9999|
Perth|The Point Bar & Grill|306 Riverside Drive|East Perth|6004|https://www.thepointbarandgrill.com.au|reservations@thepointbarandgrill.com.au|(08) 9218 8088|
Perth|Bright Tank Brewing Co|100 Brown St|East Perth|6004|https://www.brighttankbrewing.com.au|dine@brighttankbrewing.com.au|(08) 9325 7145|
Perth|Public House Kitchen & Bar|263 Adelaide Tce|Perth|6000|https://www.publichouseperth.com.au|functions@publichouseperth.com.au|(08) 6336 9780|
Perth|Blasta Brewing Company|84-88 Goodwood Parade|Burswood|6100|https://www.blastabrewing.com|reserve@blastabrewing.com|(08) 6102 4130|
